"""Author",Twitter_Followers,"Url"""
"""TheEllenShow",76927040.0,"http://twitter.com/TheEllenShow/statuses/953385554690756608"""
"""CNN",39072280.0,"http://twitter.com/CNN/statuses/951253865910996993"""
"""nytimes",35329404.0,"http://twitter.com/nytimes/statuses/853919300721270786"""
"""Reuters",18877372.0,"http://twitter.com/Reuters/statuses/920635609454186496"""
"""TIME",15183423.0,"http://twitter.com/TIME/statuses/952598705957490688"""
"""maroon5",14896083.0,"http://twitter.com/maroon5/statuses/938200877973716992"""
"""WSJ",14767849.0,"http://twitter.com/WSJ/statuses/907983710099820544"""
"""UberFacts",14511451.0,"http://twitter.com/UberFacts/statuses/966542320479940613"""
"""voguemagazine",13556241.0,"http://twitter.com/voguemagazine/statuses/936618525548048385"""
"""ABC",13371662.0,"http://twitter.com/ABC/statuses/958807215250530304"""
